id,score,rationale
1101,2,Not seeing Martin for ages strongly suggests the answer is no to having met him lately.
1102,5,"Sending out an application implies the person is doing something right now, so this is likely yes."
1103,6,Training with Lukas at the gym directly supports that they usually exercise together.
1104,7,Saying the grandfather passed away recently clearly answers yes to a death in the family.
1105,7,Saying Paris is about 1000 km away directly answers that it is far.
1106,7,A six hour drive clearly indicates it takes long to get there.
1107,2,"A delay means the journey is not going as planned, so this is likely no."
1108,2,Saying there is still some left means they have not finished the cereal.
1109,1,"If it is not due for three months, then the deadline is not next week."
1110,7,Always congested with cars directly confirms there is usually a lot of traffic.
1111,7,Being vegetarian means she does not eat meat.
1112,7,Having the flu clearly means John is sick.
1113,7,Running for hours every day strongly indicates she trains daily.
1114,1,"If she just woke up, she is not still sleeping."
1115,1,"If it comes out next week, it is not being released today."
1116,6,"Having used a drill before strongly suggests prior experience, so yes."
1117,2,"Celebrating tonight suggests the party is tonight, not tomorrow."
1118,6,Moving out tomorrow implies leaving the flat soon.
1119,6,Always falling behind strongly suggests he is a slacker.
1120,7,Being famous for surfing directly answers that the area is popular for something.
1121,1,"Quite rough is the opposite of calm, so no."
1122,1,Working at an NGO is not working for a corporate company.
1123,7,Authoring many successful books clearly means he is a writer.
1124,1,Still analyzing it means the data work is not finished.
1125,5,"Endangered species implies there are few left, so likely yes, though it does not explicitly say how many."
1126,6,Enrolled at the gym strongly suggests joining a fitness studio.
1127,1,"If the thesis is not complete yet, it has not been finished."
1128,6,Saying the hair was way too long implies it used to be long.
1129,2,"A business trip is not a vacation, so likely no."
1130,1,Needing a larger one means a one-room flat is not enough.
1131,6,"If the deadline is tomorrow, she has to hand it in soon."
1132,7,Sleeping only four hours clearly indicates a short night.
1133,1,"If the offer had already expired, the flight was not still discounted."
1134,7,Got wounded directly answers yes to being hurt.
1135,2,"If Mark is still missing, then not everyone is here."
1137,5,"Being Chinese suggests coming from Asia, but it is not logically guaranteed, so only somewhat yes."
1138,4,"The line went dead suggests the call ended, but it is somewhat indirect and could be ambiguous."
1139,5,"Having domestics implies someone takes care of the house, though it is not perfectly explicit."
1140,2,Just opened means it has not been there for long.
1141,6,A house full of history books strongly suggests he owns many books.
1143,6,Only a few guests over for dinner clearly indicates a small gathering.
1144,1,Only one week off means they do not have two weeks of holiday.
1145,7,Going to have a baby is a clear yes to being pregnant.
1147,1,Still owing the bank money means the debts have not been paid back.
1148,1,Only had water means he did not drink a cocktail.
1149,2,"An orchard is not a vegetable garden, so likely no."
1150,1,Being 25 years old means he is not underage.
1151,1,Extremely expensive tuition means it is not affordable.
1152,7,A bank transfer a few moments ago clearly means she has paid them.
1153,1,Cannot swim yet means they are not good at swimming.
1154,7,Being healthy again clearly means the cold is gone.
1155,7,Not allowed to get closer directly confirms it is forbidden to approach.
1156,6,Watered them regularly strongly suggests someone took care of the plants.
1157,1,Already dead by then means he was not alive in the 80s.
1158,6,A thick ice layer strongly suggests the lake is frozen.
1159,1,Being in the advanced course means she is not a beginner.
1160,6,Seeing a doctor is a strong sign of seeking medical advice.
1161,1,Going out with friends means he did not stay home.
1162,6,Voting yesterday strongly suggests there was an election recently.
1163,7,Spotless directly means completely clean.
1164,1,Submitting a blank sheet means they did not answer the questions.
1165,1,Just got into the changing room means she is not out on the tennis field.
1166,5,"Being compensated implies he got money back, though it is not perfectly explicit."
1167,1,No one has responded means nobody answered the ad.
1168,2,Not playing any instrument suggests he is not a musician.
1169,5,"Being in Japan for several months suggests travel in Asia, but it is not fully explicit."
1170,6,Aiming for the mountain top strongly suggests the goal is the summit.
1171,7,The customer received it directly answers yes.
1173,1,Skipping the last four lessons means she did not attend the whole course.
1174,6,Poor resolution strongly suggests a bad image on the screen.
1175,7,Graduating from medical school last year clearly means she completed her medical studies.
1176,1,Private property means it is not a public building.
1201,2,"Not seeing him for ages suggests they are not still good friends, or at least not in close contact."
1202,5,Sending out an application implies looking for a job.
1203,5,"Training with Lukas suggests knowing him, but it is not a perfect guarantee."
1204,4,"The grandfather passing away may relate to inheritance, but the answer does not clearly address whether it is his property now."
1205,7,Being about 1000 km away directly means it takes long to drive there.
1206,7,A six hour drive directly indicates Munich is far.
1207,2,A train delay suggests they will not be home by noon.
1208,2,"There is still some left means they have not bought cereal, or at least not necessarily."
1209,1,"If it is not due for three months, they likely have not started writing the essay yet."
1210,5,"Congested streets suggest they may be late, but it is not certain."
1211,1,Being vegetarian means she is unlikely to come to a steak house.
1212,7,Having the flu clearly means John is staying home.
1213,5,"Running for hours every day suggests marathon training, but it is not explicit registration."
1214,1,Just woke up means she did not have breakfast already.
1215,1,"If it comes out next week, then they have not seen it yet."
1216,6,Having used one before strongly suggests knowing how to use a drill.
1217,2,Celebrating tonight suggests the opposite of failing the exam.
1218,2,"Moving out tomorrow suggests breaking up, but it is not certain."
1219,5,"Always falling behind suggests he may have been fired, but it is indirect."
1220,6,Being famous for surfing strongly suggests big waves here.
1221,1,Quite rough means the sea is not safe to swim in.
1222,1,Working at an NGO usually does not mean making a lot of money.
1223,6,Authoring many successful books strongly suggests he is famous.
1224,1,Still analyzing it means the data has not been presented yet.
1225,1,Endangered species means hunting pandas would not be legal.
1226,5,"Enrolling at the gym suggests trying to lose weight, but it is not explicit."
1227,1,"If the thesis is not complete yet, she has not graduated."
1228,2,"Saying the hair was way too long suggests it was not cut, or at least not necessarily."
1229,1,A business trip implies it was not for sightseeing vacation.
1230,1,Needing a larger one means they did not buy the one-room flat.
1231,5,"A deadline tomorrow suggests stress, but it is still somewhat indirect."
1232,6,Sleeping only four hours strongly indicates being tired.
1233,1,"If the offer had already expired, he likely did not book the flight."
1234,7,Got wounded directly means the cat is hurt.
1235,1,Mark is still missing means they are not ready to go.
1237,5,"Being Chinese suggests ability to cook cantonese rice, but it is not guaranteed."
1238,4,"The line went dead suggests the conversation ended, but it does not clearly answer whether the issue was told."
1239,5,"Having domestics suggests the house is tidy, though not perfectly explicit."
1240,2,They have just opened means the person has not tried the bar yet.
1241,6,A house full of history books strongly suggests a passion for history.
1243,4,Few guests over for dinner does not clearly answer whether the saucepan is big enough.
1244,1,Only one week off work means they will not take a two-week trip.
1245,7,Going to have a baby clearly means she is pregnant.
1247,1,Still owing the bank money means no new loan has been paid off; it does not support getting a new loan.
1248,1,Only had water means he is not drunk.
1249,2,"Owning an orchard is not the same as buying fruit in the supermarket, so likely no."
1250,1,Being 25 years old means he is not at elementary school age.
1251,1,Extremely expensive tuition means Harvard is not an affordable option.
1252,7,A bank transfer a few moments ago clearly means she accepted or paid the deal.
1253,1,Cannot swim yet means the kids did not go to the swimming pool for swimming ability.
1254,7,Being healthy again clearly means she is no longer taking those pills.
1255,7,Not allowed to get closer directly indicates contamination or restricted area.
1256,6,Watering them regularly strongly suggests the plants are still alive.
1257,1,Already dead by then means the artwork could not have been created by him in 1981.
1258,6,A thick ice layer strongly suggests it is ice skating season.
1259,1,Being in the advanced course means she is not a beginner.
1260,6,Seeing a doctor strongly suggests having been sick.
1261,1,Going out with friends means he did not go to bed early.
1262,5,"Voting yesterday suggests they could elect a representative, but it is not explicit."
1263,7,Spotless directly means the car is clean.
1264,1,Submitting a blank sheet means they did not write a good exam.
1265,1,Just got into the changing room means she is not dressed for the tennis game yet.
1266,5,"Being compensated suggests he settled the lawsuit, though it is not fully explicit."
1267,1,No one has responded means the house has not been sold.
1268,1,Not playing any instrument means he is not part of the marching band.
1269,5,"Being in Japan for several months suggests he may have tried sushi, but it is not certain."
1270,6,Aiming for the mountain top strongly suggests the route is uphill.
1271,7,The customer received it directly means the package was shipped and arrived.
1273,1,Skipping the last four lessons means she is not very dedicated to the course.
1274,5,"Poor monitor resolution can strain eyes, so this is somewhat likely yes."
1275,7,Graduating from medical school clearly means she is a medical doctor.
1276,1,"Private property means it is not open for entering, so likely no."
2101,5,Needing to revise topics implies studying for the test.
2102,5,"An interesting new movie suggests something has come out recently, but it is not fully explicit."
2103,7,Quite chilly directly answers yes to it being cold.
2105,4,"Heard good things about that book is related, but it does not clearly answer whether they know anything about the novel."
2106,5,"Pulling a muscle last time suggests they got injured at yoga class, though not perfectly explicit."
2107,6,Cannot find my phone strongly suggests the phone is lost.
2108,7,Minus 20 degrees clearly means it is cold outside.
2109,7,Just entered a church directly answers yes to being in a religious building.
2110,6,Training very hard strongly suggests workouts are difficult.
2113,5,"Working on an exhausting task suggests they were working today, though not explicitly all day."
2114,2,"Not bringing a bikini suggests they do not have swimming gear, but it is not certain."
2115,1,Not having time means they are not free at the moment.
2116,1,Watching it last month means they did not watch it yesterday.
2117,7,Being on a diet directly suggests not eating more than usual.
2118,1,Being Muslim means they do not practise Hinduism.
2119,7,Head spinning after beers clearly means they are not feeling ok.
2120,1,Very tired means they are not feeling energetic.
2121,1,Being broke means they do not have money saved up.
2122,6,Having used one already in the past strongly suggests prior experience with a chainsaw.
2123,1,11 p.m. means it is not morning in Los Angeles.
2124,1,Having a hangover means they are not feeling good.
2125,1,Being diabetic means they are not free of chronic disease.
2127,1,Usually getting seasick means they do not feel well on boats.
2128,7,My toothache is gone directly means the teeth are no longer hurting.
2129,5,Several bus stops before destination suggests there are many stations on the way.
2130,1,Should not staple them means they are not allowed to staple the documents.
2131,7,Very light directly answers yes to not weighing much.
2132,7,"Having to get up at 5 am directly means yes, they need to wake up early."
2134,1,French is my native language means Spanish is not the mother tongue.
2135,7,Does not work directly means the remote is unusable.
2136,7,Wolves are very common here directly means there are wild animals in the region.
2137,2,Only having cacti means there are trees in the garden is likely no.
2138,7,Needing it for travelling directly means the passport is necessary for taking the plane.
2139,1,Having a sandwich means they did not bring pie for lunch.
2140,5,Having to go out soon suggests the kids are about to leave.
2141,7,Starving directly means already hungry.
2144,7,Drinking tea all the time directly means they often consume hot drinks.
2145,6,Too much light in here strongly suggests the room is very bright.
2146,1,Being abroad then means they will not stay in town till Friday.
2147,7,Having a soup directly means they are eating something.
2148,7,Just started pouring directly means it is raining already.
2149,1,Not drinking means they do not consume alcohol.
2150,4,Mentioning a dishwasher does not clearly answer whether everything was taken away from the flat.
2151,1,Giving away the racket ages ago means they do not still have tennis equipment.
2152,1,Not eating spicy dishes means they do not consume all types of food.
2153,7,Living right next to you directly means they are neighbors.
2155,1,Understanding everything now means they are not still confused.
2156,7,Chest hurts a lot directly means pain in the upper body.
2157,1,Being in the middle of summer means it is not winter there.
2159,7,Cutting a finger while cooking clearly means they got hurt.
2160,7,Dust all over the floor directly means the living room is dirty.
2161,1,Having brought mine means they did not leave toothpaste at home.
2162,7,Chapped lips directly means the lips got damaged by the wind.
2163,1,Working early tomorrow morning means they are not doing the afternoon shift tomorrow.
2164,1,Planning to eat at a restaurant means they are not going to have dinner at home.
2165,6,Grown a lot recently strongly suggests the hedges are taller than last time.
2166,7,Lunch is now ready directly means cooking is finished.
2167,6,A very complicated math exercise strongly suggests difficult homework.
2168,1,Not sure where to go yet means they have not decided on a destination.
2169,2,Smoking cigars only means they do not smoke cigarettes.
2170,1,Usually typing on a laptop means they are not writing on paper.
2171,2,A stove not delivered yet suggests the kitchen is still incomplete.
2172,7,Cars get stolen regularly here directly means car theft occurs often.
2173,1,Completely full of clothes means there is no room left in the wardrobe.
2174,7,Dirty laundry piling up directly means there is a lot to wash.
2175,5,"Having a relaxed breakfast suggests they are taking some time for breakfast, though not explicitly."
2201,5,"Needing to revise topics suggests studying together could make sense, but it is not a direct yes."
2202,5,"An interesting new movie suggests going to the cinema, but it is indirect."
2203,5,"Being chilly suggests closing the window, but it is only a suggestion."
2205,4,Heard good things about that book is not a clear yes or no to borrowing it.
2206,5,"Pulling a muscle last time suggests skipping yoga class, but not definitively."
2207,2,Cannot find my phone suggests they do not want to use the offered phone.
2208,7,"Minus 20 degrees directly means yes, a coat is needed."
2209,7,Just entered a church directly supports turning off phones.
2210,5,"Training very hard suggests a protein shake would be welcome, but it is not explicit."
2213,2,Working on an exhausting task suggests they should not take a break right now.
2214,2,"Not bringing a bikini suggests they may not want to go to the lake, but it is indirect."
2215,1,Not having time directly means they are not coming to the talk.
2216,1,Watching it last month means they should not watch it tonight again as a yes to the question.
2217,1,Being on a diet means they likely do not want dessert.
2218,1,Being Muslim means they do not want pork.
2219,1,Having a spinning head after beers means they do not want another beer.
2220,1,Being very tired means they do not want to go out.
2221,1,Being broke means they do not want to go on a trip.
2222,6,Having used one already in the past suggests they do not need help with the chainsaw.
2223,1,It is 11 p.m. means they should not go to the cinema now.
2224,1,Having a hangover means they do not want drinks.
2225,1,Being diabetic means they do not want cake.
2227,1,Usually getting seasick means they do not want to join a sea cruise.
2228,1,"If the toothache is gone, they do not want painkillers."
2229,1,Having several bus stops before destination means they do not need the seat.
2230,1,Should not staple them means they do not want the stapler.
2231,1,Very light luggage means they do not need help with it.
2232,7,"Having to get up at 5 am directly means yes, set the alarm."
2234,1,French being the native language means no need to check French spelling.
2235,7,"It does not work directly means yes, change the batteries."
2236,7,Wolves being very common here directly supports locking up the cattle.
2237,1,Only having cacti means no need to water the plants.
2238,7,"Needing it for travelling directly means yes, pack the passport."
2239,1,Having a sandwich means they do not want food.
2240,5,"They have to go out soon suggests waking the kids, but it is not explicit."
2241,7,"Starving directly means yes, offer biscuits."
2244,7,"Drinking tea all the time directly means yes, use the kettle."
2245,7,"Too much light in here directly means yes, turn down the dimmer."
2246,1,Being abroad then means they are not coming to the party this Friday.
2247,7,"Having a soup directly means yes, a spoon is wanted."
2248,7,"It just started pouring directly means yes, an umbrella is wanted."
2249,1,Not drinking directly means no wine.
2250,1,Having a dishwasher means they do not need to do the dishes.
2251,1,Giving away the racket ages ago means they do not want to play tennis.
2252,1,Not eating spicy dishes means they do not want Mexican food.
2253,1,Living right next to you means they do not want a ride home.
2255,7,"Understanding everything now directly means yes, no need to explain again."
2256,7,"Chest hurts a lot directly means yes, call the doctor."
2257,1,Being in the middle of summer means they do not want an extra blanket.
2259,7,"Cutting a finger while cooking directly means yes, a plaster is wanted."
2260,7,"Dust all over the floor directly means yes, sweep the living room."
2261,1,Having brought mine means they do not want toothpaste.
2262,7,"Chapped lips directly means yes, lip balm is wanted."
2263,1,Working early tomorrow morning means they are not joining for drinks tonight.
2264,1,Planning to eat at a restaurant means they do not want you to cook for both of you.
2265,6,They have grown a lot recently strongly suggests pruning the hedges.
2266,7,"Lunch is now ready directly means yes, set the table."
2267,5,"A very complicated math exercise suggests a calculator would help, but it is not explicit."
2268,1,Not sure where to go yet means they should not buy train tickets yet.
2269,2,Smoking cigars only means they do not want a cigarette.
2270,1,Usually typing on a laptop means they do not want paper.
2271,1,The stove not being delivered yet means they do not want delivery food as a yes.
2272,7,"Cars get stolen regularly here directly means yes, lock the car."
2273,1,A wardrobe completely full of clothes means they do not want to go shopping for clothes.
2274,7,"Dirty laundry piling up directly means yes, do the laundry."
2275,5,"A relaxed breakfast suggests taking some time for breakfast, but it is not a direct yes."
